[
{
    "model": "places.place",
    "pk": 2,
    "fields": {
        "name": "Pyramids",
        "description": "The good ol' Pyramids.\r\nLorem ipsum dolor sit amet, consectetur adipiscing elit. Quippe: habes enim a rhetoribus; Sit enim idem caecus, debilis. Contemnit enim disserendi elegantiam,",
        "location": "20, Kamel El Shennawi St., Garden City",
        "created": null,
        "updated": null
    }
},
{
    "model": "places.place",
    "pk": 3,
    "fields": {
        "name": "Dahab",
        "description": "Lorem ipsum dolor sit amet, consectetur adipiscing elit. Quippe: habes enim a rhetoribus; Sit enim idem caecus, debilis. Contemnit enim disserendi elegantiam, \r\none of the Best places in Egypt.",
        "location": "20, Kamel El Shennawi St., Garden City",
        "created": null,
        "updated": null
    }
},
{
    "model": "places.place",
    "pk": 4,
    "fields": {
        "name": "Aswan",
        "description": "The most beautiful places in Egypt.\r\nLorem ipsum dolor sit amet, consectetur adipiscing elit. Quippe: habes enim a rhetoribus; Sit enim idem caecus, debilis. Contemnit enim disserendi elegantiam,",
        "location": "20, Kamel El Shennawi St., Garden City",
        "created": null,
        "updated": null
    }
},
{
    "model": "places.place",
    "pk": 5,
    "fields": {
        "name": "Cairo Citadel",
        "description": "one of the best places in Egypt.\r\nLorem ipsum dolor sit amet, consectetur adipiscing elit. Quippe: habes enim a rhetoribus; Sit enim idem caecus, debilis. Contemnit enim disserendi elegantiam,",
        "location": "20, Kamel El Shennawi St., Garden City",
        "created": null,
        "updated": null
    }
},
{
    "model": "places.place",
    "pk": 7,
    "fields": {
        "name": "Wuzzuf Talent Center",
        "description": "Lorem ipsum dolor sit amet, consectetur adipiscing elit. Sed in rebus apertissimis nimium longi sumus. Nobis aliter videtur, recte secusne, postea; Hoc simile tandem est? Rationis enim perfectio est virtus; An tu me de L. Hoc ipsum elegantius poni meliusque potuit.",
        "location": "Street 77, Maadi \u00b7 Cairo",
        "created": "2018-07-08T05:48:13.216Z",
        "updated": "2018-07-08T05:48:13.217Z"
    }
},
{
    "model": "places.place",
    "pk": 9,
    "fields": {
        "name": "AlMaqarr Coworking Space (The Greek Campus - Downtown)",
        "description": "Illud non continuo, ut aeque incontentae. \r\n\r\nQuis istud possit, inquit, negare? Nunc agendum est subtilius. Utram tandem linguam nescio? Tibi hoc incredibile, quod beatissimum.",
        "location": "28 Falaki St., Bab El Louk Cairo, Egypt 11511 \u00b7 Cairo",
        "created": "2018-07-08T06:03:53.249Z",
        "updated": "2018-07-08T06:03:53.249Z"
    }
},
{
    "model": "places.place",
    "pk": 10,
    "fields": {
        "name": "Marasi - north coast",
        "description": "<p>Lorem ipsum dolor sit amet, consectetur adipiscing elit. Utram tandem linguam nescio? Ubi ut eam caperet aut quando? An nisi populari fama? Duo Reges: constructio interrete. Qualem igitur hominem natura inchoavit? Cur id non ita fit? In schola desinis. Quid iudicant sensus?</p>",
        "location": "69K Alex. road near Marina 7",
        "created": "2018-07-16T14:02:14.713Z",
        "updated": "2018-07-16T14:02:14.713Z"
    }
},
{
    "model": "multimedia.image",
    "pk": 7,
    "fields": {
        "image": "articles/imgs/b3961160-b766-497c-87e3-ed36288cf183.jpg",
        "content_type": 2,
        "object_id": 4,
        "created": "2018-07-05T09:48:56.487Z",
        "updated": "2018-07-05T09:48:56.505Z"
    }
},
{
    "model": "multimedia.image",
    "pk": 8,
    "fields": {
        "image": "articles/imgs/898cbcb4-8589-4a5f-b478-74ccf9c0010a.jpg",
        "content_type": 2,
        "object_id": 5,
        "created": "2018-07-05T09:48:56.487Z",
        "updated": "2018-07-05T09:48:56.505Z"
    }
},
{
    "model": "multimedia.image",
    "pk": 9,
    "fields": {
        "image": "articles/imgs/b3aa0c39-08bf-46a2-b5a7-6f0525e2b7ec.jpg",
        "content_type": 2,
        "object_id": 6,
        "created": "2018-07-05T09:48:56.487Z",
        "updated": "2018-07-05T09:48:56.505Z"
    }
},
{
    "model": "multimedia.image",
    "pk": 10,
    "fields": {
        "image": "place4.jpg",
        "content_type": 4,
        "object_id": 1,
        "created": "2018-07-05T12:12:52.905Z",
        "updated": "2018-07-05T12:12:52.905Z"
    }
},
{
    "model": "multimedia.image",
    "pk": 11,
    "fields": {
        "image": "place5.jpg",
        "content_type": 4,
        "object_id": 5,
        "created": "2018-07-05T12:13:13.090Z",
        "updated": "2018-07-05T12:13:13.090Z"
    }
},
{
    "model": "multimedia.image",
    "pk": 12,
    "fields": {
        "image": "place3.jpg",
        "content_type": 4,
        "object_id": 3,
        "created": "2018-07-05T12:13:36.520Z",
        "updated": "2018-07-05T12:13:36.520Z"
    }
},
{
    "model": "multimedia.image",
    "pk": 13,
    "fields": {
        "image": "place1.jpg",
        "content_type": 4,
        "object_id": 4,
        "created": "2018-07-05T12:14:35.520Z",
        "updated": "2018-07-05T12:14:35.521Z"
    }
},
{
    "model": "multimedia.image",
    "pk": 14,
    "fields": {
        "image": "place2.jpg",
        "content_type": 4,
        "object_id": 2,
        "created": "2018-07-05T13:17:59.124Z",
        "updated": "2018-07-05T13:17:59.124Z"
    }
},
{
    "model": "multimedia.image",
    "pk": 15,
    "fields": {
        "image": "alMaqar_coworkspace.jpg",
        "content_type": 4,
        "object_id": 9,
        "created": "2018-07-08T06:15:04.539Z",
        "updated": "2018-07-08T06:15:04.539Z"
    }
},
{
    "model": "multimedia.image",
    "pk": 16,
    "fields": {
        "image": "Wuzzuf_Talent_Center.jpg",
        "content_type": 4,
        "object_id": 7,
        "created": "2018-07-08T06:46:58.855Z",
        "updated": "2018-07-08T06:46:58.855Z"
    }
},
{
    "model": "multimedia.image",
    "pk": 17,
    "fields": {
        "image": "dahab_1.jpg",
        "content_type": 5,
        "object_id": 1,
        "created": "2018-07-08T09:15:49.166Z",
        "updated": "2018-07-08T09:15:49.166Z"
    }
},
{
    "model": "multimedia.image",
    "pk": 18,
    "fields": {
        "image": "dahab_2.jpg",
        "content_type": 5,
        "object_id": 2,
        "created": "2018-07-08T09:16:04.570Z",
        "updated": "2018-07-08T09:16:04.570Z"
    }
},
{
    "model": "multimedia.image",
    "pk": 19,
    "fields": {
        "image": "aswan_1.jpg",
        "content_type": 5,
        "object_id": 3,
        "created": "2018-07-08T09:16:16.071Z",
        "updated": "2018-07-08T09:16:16.071Z"
    }
},
{
    "model": "multimedia.image",
    "pk": 20,
    "fields": {
        "image": "EgyprJS.png",
        "content_type": 3,
        "object_id": 2,
        "created": "2018-07-09T14:04:46.328Z",
        "updated": "2018-07-09T14:04:46.328Z"
    }
},
{
    "model": "multimedia.image",
    "pk": 21,
    "fields": {
        "image": "GDG_Helwan.png",
        "content_type": 3,
        "object_id": 3,
        "created": "2018-07-09T14:05:37.875Z",
        "updated": "2018-07-09T14:05:37.875Z"
    }
},
{
    "model": "multimedia.image",
    "pk": 22,
    "fields": {
        "image": "place5_34B86jR.jpg",
        "content_type": 3,
        "object_id": 1,
        "created": "2018-07-09T14:06:09.094Z",
        "updated": "2018-07-09T14:06:09.094Z"
    }
},
{
    "model": "multimedia.image",
    "pk": 23,
    "fields": {
        "image": "Tafra_meetup.png",
        "content_type": 3,
        "object_id": 4,
        "created": "2018-07-09T14:09:44.735Z",
        "updated": "2018-07-09T14:09:44.735Z"
    }
},
{
    "model": "multimedia.image",
    "pk": 24,
    "fields": {
        "image": "\u0645\u0627\u0631\u064a\u0646\u0627_\u0627\u0644\u0633\u0627\u062d\u0644_\u0627\u0644\u0634\u0645\u0627\u0644\u0649.jpg",
        "content_type": 4,
        "object_id": 10,
        "created": "2018-07-16T14:07:20.584Z",
        "updated": "2018-07-16T14:07:20.584Z"
    }
},
{
    "model": "accounts.user",
    "pk": 1,
    "fields": {
        "password": "pbkdf2_sha256$36000$HPjApOg14nBG$z7j+9EerA/COH/rNg5qqlZtG9gJXsiNodcXSF1Z+q7g=",
        "last_login": "2018-07-19T12:55:21.453Z",
        "is_superuser": true,
        "is_staff": true,
        "is_active": true,
        "date_joined": "2018-07-03T11:18:30.040Z",
        "username": "donquixote",
        "email": "askme557@gmail.com",
        "first_name": "",
        "last_name": "",
        "biography": null,
        "avatar": "avatars/no-avatar.jpg",
        "birth_date": "1997-09-10",
        "gender": "M",
        "groups": [],
        "user_permissions": []
    }
},
{
    "model": "accounts.user",
    "pk": 4,
    "fields": {
        "password": "pbkdf2_sha256$36000$HPjApOg14nBG$z7j+9EerA/COH/rNg5qqlZtG9gJXsiNodcXSF1Z+q7g=",
        "last_login": null,
        "is_superuser": false,
        "is_staff": false,
        "is_active": true,
        "date_joined": "2018-07-05T12:01:35Z",
        "username": "Samantha_Smith",
        "email": "Samantha.Smith@example.com",
        "first_name": "Samantha",
        "last_name": "Smith",
        "biography": "Lorem ipsum dolor sit amet, consectetur adipiscing elit. Duo Reges: constructio interrete. Quae diligentissime contra Aristonem dicuntur a Chryippo.s.",
        "avatar": "avatars/Author1.jpeg",
        "birth_date": null,
        "gender": "F",
        "groups": [
            1
        ],
        "user_permissions": []
    }
},
{
    "model": "accounts.user",
    "pk": 5,
    "fields": {
        "password": "pbkdf2_sha256$36000$HPjApOg14nBG$z7j+9EerA/COH/rNg5qqlZtG9gJXsiNodcXSF1Z+q7g=",
        "last_login": null,
        "is_superuser": false,
        "is_staff": false,
        "is_active": true,
        "date_joined": "2018-07-05T12:08:17Z",
        "username": "Lidia_Anderson",
        "email": "Lidia_Anderson@example.com",
        "first_name": "Lidia",
        "last_name": "Anderson",
        "biography": "Lorem ipsum dolor sit amet, consectetur adipiscing elit. Cur haec eadem Democritus? Suo genere perveniant ad extremum; Duo Reges: constructio interret",
        "avatar": "avatars/Author2.jpeg",
        "birth_date": null,
        "gender": "F",
        "groups": [
            1
        ],
        "user_permissions": []
    }
},
{
    "model": "accounts.user",
    "pk": 6,
    "fields": {
        "password": "pbkdf2_sha256$36000$HPjApOg14nBG$z7j+9EerA/COH/rNg5qqlZtG9gJXsiNodcXSF1Z+q7g=",
        "last_login": "2018-07-19T13:00:14.715Z",
        "is_superuser": false,
        "is_staff": false,
        "is_active": true,
        "date_joined": "2018-07-05T12:09:20Z",
        "username": "john_smith",
        "email": "john_smith@exmaple.com",
        "first_name": "john",
        "last_name": "smith",
        "biography": "Lorem ipsum dolor sit amet, consectetur adipiscing elit. An tu me de L. Falli igitur possumus. Minime vero, inquit ille, consentit. Hoc loco tenere se",
        "avatar": "avatars/Author3.jpg",
        "birth_date": null,
        "gender": "M",
        "groups": [
            1
        ],
        "user_permissions": []
    }
},
{
    "model": "accounts.user",
    "pk": 8,
    "fields": {
        "password": "BadVirus357159++",
        "last_login": "2018-07-14T23:47:50.057Z",
        "is_superuser": false,
        "is_staff": false,
        "is_active": true,
        "date_joined": "2018-07-14T23:47:49.480Z",
        "username": "AhmedMa3rsa",
        "email": "Ahmed.Musa@tahiamisr.com",
        "first_name": "Ahmed",
        "last_name": "Ma3rsa",
        "biography": null,
        "avatar": "avatars/no-avatar.jpg",
        "birth_date": null,
        "gender": "N",
        "groups": [],
        "user_permissions": []
    }
},
{
    "model": "travels.travel",
    "pk": 1,
    "fields": {
        "title": "Dahabiat Travel #1",
        "description": "<p>Lorem ipsum dolor sit amet, consectetur adipiscing elit. Recte, inquit, intellegis. Quo plebiscito decreta a senatu est consuli quaestio Cn. Itaque contra est, ac dicitis; Tum Torquatus: Prorsus, inquit, assentior; Paria sunt igitur.</p>",
        "price": "120.00",
        "has_offer": true,
        "offer": "21.50",
        "start": "2018-07-18T12:00:00Z",
        "end": "2018-07-18T15:00:00Z",
        "limit": 10,
        "location": 3,
        "created": "2018-07-08T09:01:10.245Z",
        "users": []
    }
},
{
    "model": "travels.travel",
    "pk": 2,
    "fields": {
        "title": "Dahabiat Travel #2",
        "description": "<p>Lorem ipsum dolt consuli quaestio Cn. Itaque contra est, ac dicitis; Tum Torquatus: Prorsus, inquit, assentior; Paria sunt igitu uaestio Cn. Itaque contra est, ac dicitis; Tum Torquatus: Prorsus, inquit, assentior; Paria sunt igitur.</p>",
        "price": "80.00",
        "has_offer": false,
        "offer": null,
        "start": "2018-07-18T12:00:00Z",
        "end": "2018-07-18T15:00:00Z",
        "limit": 10,
        "location": 3,
        "created": "2018-07-08T09:02:42.991Z",
        "users": []
    }
},
{
    "model": "travels.travel",
    "pk": 3,
    "fields": {
        "title": "Luxor & Aswan Travel #1",
        "description": "<p>uoLorem ipsum dolor sit amet, consectetur adipiscing elit. Recte, inquit, intellegis. Quo plebiscito decreta a senatu est consuli quaestio Cn. Itaque contra est, ac dicitis; Tum Torquatus: Prorsus, inquit, assentior; Paria sunt igitur. ria sunt igitur.</p>",
        "price": "200.00",
        "has_offer": true,
        "offer": "40.00",
        "start": "2018-07-19T13:53:42Z",
        "end": "2018-07-19T14:05:45Z",
        "limit": 10,
        "location": 4,
        "created": "2018-07-08T09:05:31.390Z",
        "users": []
    }
},
{
    "model": "events.event",
    "pk": 1,
    "fields": {
        "location": 5,
        "title": "the beautiful Citadel of Cairo.",
        "description": "<p>Lorem ipsum dolor sit amet, consectetur adipiscing elit. Polycratem Samium felicem appellabant. Duo Reges: constructio interrete. Sed quot homines, tot sententiae; Huius ego nunc auctoritatem sequens idem faciam. Quid enim est a Chrysippo praetermissum in Stoicis? Itaque contra est, ac dicitis.</p>",
        "start": "2018-07-16T14:00:00Z",
        "end": "2018-07-20T18:00:00Z",
        "limit": 10,
        "price": null,
        "created": "2018-07-08T05:37:54.505Z",
        "users": [
            5,
            6
        ]
    }
},
{
    "model": "events.event",
    "pk": 2,
    "fields": {
        "location": 7,
        "title": "EgyptJS meetup",
        "description": "<p>Lorem ipsum dolor sit amet, consectetur adipiscing elit. Quamquam tu hanc copiosiorem etiam soles dicere. Egone quaeris, inquit, quid sentiam? Nunc agendum est subtilius.</p>",
        "start": "2018-07-17T18:00:00Z",
        "end": "2018-07-22T20:30:00Z",
        "limit": 10,
        "price": null,
        "created": "2018-07-08T05:56:32.020Z",
        "users": [
            6
        ]
    }
},
{
    "model": "events.event",
    "pk": 3,
    "fields": {
        "location": 10,
        "title": "Amr Diab Sahel el Shamali party",
        "description": "<p>Quid est igitur, inquit, quod requiras? Sed virtutem ipsamsane; Cum id fugiunt, re eadem defendunt, quae Peripatetici, verba. Respondeat totidem verbis. Iam in altera philosophiae parte. Non potes, nisi retexueris illa. Si id dicis, vicimus. Duarum enim vitarum nobis erunt instituta capienda. Urgent tamen et nihil remittunt. Minime vero istorum quidem, inquit. Negat esse eam, inquit, propter se expetendam. Non semper, inquam; Istic sum, inquit. Atqui reperies, inquit, in hoc quidem pertinacem; Quis Aristidem non mortuum diligit? Pollicetur certe.</p>",
        "start": "2018-07-18T08:30:00Z",
        "end": "2018-07-22T06:00:00Z",
        "limit": 10,
        "price": null,
        "created": "2018-07-08T06:00:01.275Z",
        "users": []
    }
},
{
    "model": "events.event",
    "pk": 4,
    "fields": {
        "location": 9,
        "title": "Tafra Meetup: User Research",
        "description": "<p>Negat enim summo bono afferre incrementum diem. Hunc vos beatum; Quamvis enim depravatae non sint, pravae tamen esse possunt. Idem iste, inquam, de voluptate quid sentit? Ex rebus enim timiditas, non ex vocabulis nascitur. Perge porro; Ita fit cum gravior, tum etiam splendidior oratio. Torquatus, is qui consul cum Cn. Avaritiamne minuis? Duo Reges: constructio interrete. Ut optime, secundum naturam affectum esse possit.</p>",
        "start": "2018-07-17T12:00:00Z",
        "end": "2018-07-16T18:00:00Z",
        "limit": 10,
        "price": null,
        "created": "2018-07-08T06:04:05.015Z",
        "users": [
            4,
            5,
            6
        ]
    }
},
{
    "model": "articles.article",
    "pk": 4,
    "fields": {
        "user": 5,
        "cover_img": "articles/cover-img/82080a4b-9263-4359-a0ec-1e85264607b4.jpg",
        "title": "Are You A Good Friend?",
        "slug": "are-you-a-good-friend",
        "description": "<p><strong>Illa</strong> tamen simplicia, vestra versuta. Maximus dolor, inquit, brevis est. Nunc haec primum fortasse audientis servire debemus. Quo modo autem <em>optimum</em>, si bonum praeterea nullum est? Illa tamen simplicia, vestra versuta.</p>\r\n\r\n<p><img alt=\"\" src=\"https://proxy.duckduckgo.com/iu/?u=https%3A%2F%2Fwww.nextavenue.org%2Fwp-content%2Fuploads%2F2015%2F08%2FThe-People-You-Meet-While-Traveling-466243609.jpg&amp;f=1\" style=\"height:290px; width:702px\" /></p>\r\n\r\n<p>Itaque hic ipse iam pridem est reiectus; Faceres tu quidem, Torquate, haec omnia; Verum hoc idem saepe faciamus. At ille pellit, qui <strong>permulcet</strong> sensum voluptate. Numquam facies. Quod equidem non reprehendo; Age, inquies, ista parva sunt.</p>\r\n\r\n<p>Sed ad illum redeo. Restinguet citius, si ardentem acceperit.</p>\r\n\r\n<p>Lorem ipsum dolor sit amet, consectetur adipiscing elit. Nunc vides, quid faciat. Duo Reges: constructio interrete. Itaque contra est, ac dicitis; Pauca mutat vel plura sane; Que Manilium, ab iisque M. Id est enim, de quo quaerimus.</p>\r\n\r\n<p>Primum divisit ineleganter; An haec ab eo non dicuntur? Si qua in iis corrigere voluit, deteriora fecit. Sed mehercule pergrata mihi oratio tua. A mene tu?</p>\r\n\r\n<p>Si quae forte-possumus. Nam Pyrrho, Aristo, Erillus iam diu abiecti. Nullus est igitur cuiusquam dies natalis. Bonum patria: miserum exilium.</p>\r\n\r\n<p>Negat esse eam, inquit, propter se expetendam. Nummus in Croesi divitiis obscuratur, pars est tamen divitiarum. Illa tamen simplicia, vestra versuta. Scrupulum, inquam, abeunti; At eum nihili facit;</p>\r\n\r\n<p>Ego vero isti, inquam, permitto. Tecum optime, deinde etiam cum mediocri amico. Duarum enim vitarum nobis erunt instituta capienda. Quasi ego id curem, quid ille aiat aut neget. Ea possunt paria non esse.</p>",
        "created": "2018-07-04T13:47:44.677Z",
        "updated": "2018-07-17T11:14:49.746Z"
    }
},
{
    "model": "articles.article",
    "pk": 5,
    "fields": {
        "user": 4,
        "cover_img": "articles/cover-img/48313712-cda7-413b-95c9-0b952d821b97.jpg",
        "title": "Why Failure Can Be Good For You, According To Science",
        "slug": "why-failure-can-be-good-for-you-according-to-science",
        "description": "<p>Illa tamen simplicia, vestra versuta. Maximus dolor, inquit, brevis est. Nunc haec primum fortasse audientis servire debemus. Quo modo autem optimum, si bonum praeterea nullum est? Illa tamen simplicia, vestra versuta. s</p>",
        "created": "2018-07-04T13:48:26.491Z",
        "updated": "2018-07-17T11:14:49.657Z"
    }
},
{
    "model": "articles.article",
    "pk": 6,
    "fields": {
        "user": 6,
        "cover_img": "articles/cover-img/b646be53-c7a5-4700-ac9b-05a4809af39d.jpg",
        "title": "The Best And Worst Red Carpet Looks From The VMAs 2016",
        "slug": "the-best-and-worst-red-carpet-looks-from-the-vmas-2016",
        "description": "<p>Illa tamen simplicia, vestra versuta. Maximus dolor, inquit, brevis est. Nunc haec primum fortasse audientis servire debemus. Quo modo autem optimum, si bonum praeterea nullum est? Illa tamen simplicia, vestra versuta. Illa tamen simplicia, vestra versuta. Maximus dolor, inquit, brevis est. Nunc haec primum fortasse audientis servire debemus. Quo modo autem optimum, si bonum praeterea nullum est? Illa tamen simplicia, vestra versuta.</p>",
        "created": "2018-07-04T13:49:03.618Z",
        "updated": "2018-07-17T11:14:49.557Z"
    }
},
{
    "model": "articles.article",
    "pk": 7,
    "fields": {
        "user": 6,
        "cover_img": "articles/cover-img/f95807e4-0723-4f7c-96a0-e4ab00d36f62.jpg",
        "title": "This Guy\u2019s Road Trip Across Australia Will Make You Want To Quit Your Job And Travel",
        "slug": "this-guys-road-trip-across-australia-will-make-you-want-to-quit-your-job-and-travel",
        "description": "<p>Lorem ipsum dolor sit amet, consectetur adipiscing elit. Utram tandem linguam nescio? Ubi ut eam caperet aut quando? An nisi populari fama? Duo Reges: constructio interrete. Qualem igitur hominem natura inchoavit? Cur id non ita fit? In schola desinis. Quid iudicant sensus?</p>\r\n\r\n<p>&nbsp;</p>\r\n\r\n<p>&nbsp;</p>\r\n\r\n<p><img alt=\"asd\" src=\"http://intrewallpaper.com/wp-content/uploads/rain-wallpaper-hd-8.jpg\" style=\"height:281px; width:451px\" /></p>\r\n\r\n<h1>jhjsadhkashfkahs</h1>\r\n\r\n<p><span style=\"color:#e74c3c\"><strong>Praeclare hoc quidem. Sed ad bona praeterita redeamus. Memini me adesse P. Dat enim intervalla et relaxat.</strong></span></p>\r\n\r\n<p><span style=\"color:#ecf0f1\"><span style=\"background-color:#000000\">At multis malis </span><u><span style=\"background-color:#000000\">affectus</span></u><span style=\"background-color:#000000\">. An haec ab eo non dicuntur? Quid vero? </span><em><span style=\"background-color:#000000\">Maximus</span></em><span style=\"background-color:#000000\"> dolor, inquit, <a href=\"http://facebook.com\">brevis est.</a></span></span></p>\r\n\r\n<p><span style=\"color:#e74c3c\"><strong><a href=\"/media/ckeditor/imgs/2018/07/11/amr.mp4\">/media/ckeditor/imgs/2018/07/11/amr.mp4</a></strong></span></p>",
        "created": "2018-07-11T14:30:14.214Z",
        "updated": "2018-07-17T11:14:49.457Z"
    }
},
{
    "model": "articles.article",
    "pk": 8,
    "fields": {
        "user": 5,
        "cover_img": "articles/cover-img/af7c9905-9f93-4b1f-888c-2f2e9617798e.jpg",
        "title": "People Are Relating To This Hilarious Mom-Daughter Conversation About Their Cat",
        "slug": "people-are-relating-to-this-hilarious-mom-daughter-conversation-about-their-cat",
        "description": "<p>Lorem ipsum dolor sit amet, consectetur adipiscing elit. Facillimum id quidem est, inquam. Bona autem corporis huic sunt, quod posterius posui, similiora. Moriatur, inquit. Tu vero, inquam, ducas licet, si sequetur; Tollenda est atque extrahenda radicitus. Duo Reges: constructio interrete. <a id=\"hi\" name=\"hi\"></a></p>\r\n\r\n<p>Non est ista, inquam, Piso, magna dissensio. Hoc sic expositum dissimile est superiori. Vide, quantum, inquam, fallare, Torquate. Quis est, qui non oderit libidinosam, protervam adolescentiam? Videsne, ut haec concinant?</p>",
        "created": "2018-07-11T19:30:10.392Z",
        "updated": "2018-07-19T16:14:23.938Z"
    }
}
]
